<?xml version="1.0" encoding="UTF-8" ?>
<pageDefinition xmlns="http://xmlns.oracle.com/adfm/uimodel" version="12.1.3.13.52" id="SettingsViewPageDef"
                Package="nl.whitehorses.tornado.Settings">
  <parameters/>
  <executables>
    <variableIterator id="variables"/>
    <iterator Binds="root" RangeSize="25" DataControl="SettingsDC" id="SettingsDCIterator"/>
  </executables>
  <bindings>
    <methodAction id="storeOverviewTypeInDb" RequiresUpdateModel="true" Action="invokeMethod"
                  MethodName="storeOverviewTypeInDb" IsViewObjectMethod="false" DataControl="SettingsDC"
                  InstanceName="data.SettingsDC.dataProvider">
      <NamedData NDName="overviewType" NDType="java.lang.String"/>
    </methodAction>
    <attributeValues IterBinding="SettingsDCIterator" id="overviewTypeFromDb">
      <AttrNames>
        <Item Value="overviewTypeFromDb"/>
      </AttrNames>
    </attributeValues>
  </bindings>
</pageDefinition>
